!__postfix	scalar
!~~	scalar
!~~*	scalar
%	scalar
&	scalar
&&	scalar
*	scalar
**	scalar
+	scalar
-	scalar
->>	scalar
/	scalar
//	scalar
<->	scalar
<<	scalar
<=>	scalar
<@	scalar
>>	scalar
@	scalar
@>	scalar
^	scalar
^@	scalar
__internal_compress_integral_ubigint	scalar
__internal_compress_integral_uinteger	scalar
__internal_compress_integral_usmallint	scalar
__internal_compress_integral_utinyint	scalar
__internal_compress_string_hugeint	scalar
__internal_compress_string_ubigint	scalar
__internal_compress_string_uinteger	scalar
__internal_compress_string_usmallint	scalar
__internal_compress_string_utinyint	scalar
__internal_decompress_integral_bigint	scalar
__internal_decompress_integral_hugeint	scalar
__internal_decompress_integral_integer	scalar
__internal_decompress_integral_smallint	scalar
__internal_decompress_integral_ubigint	scalar
__internal_decompress_integral_uhugeint	scalar
__internal_decompress_integral_uinteger	scalar
__internal_decompress_integral_usmallint	scalar
__internal_decompress_string	scalar
abs	scalar
acos	scalar
acosh	scalar
add	scalar
add_parquet_key	pragma
age	scalar
aggregate	scalar
alias	scalar
all_profiling_output	pragma
any_value	aggregate
apply	scalar
approx_count_distinct	aggregate
approx_quantile	aggregate
approx_top_k	aggregate
arbitrary	aggregate
arg_max	aggregate
arg_max_null	aggregate
arg_min	aggregate
arg_min_null	aggregate
argmax	aggregate
argmin	aggregate
array_agg	aggregate
array_aggr	scalar
array_aggregate	scalar
array_append	macro
array_apply	scalar
array_cat	scalar
array_concat	scalar
array_contains	scalar
array_cosine_distance	scalar
array_cosine_similarity	scalar
array_cross_product	scalar
array_distance	scalar
array_distinct	scalar
array_dot_product	scalar
array_extract	scalar
array_filter	scalar
array_grade_up	scalar
array_has	scalar
array_has_all	scalar
array_has_any	scalar
array_indexof	scalar
array_inner_product	scalar
array_intersect	macro
array_length	scalar
array_negative_dot_product	scalar
array_negative_inner_product	scalar
array_pop_back	macro
array_pop_front	macro
array_position	scalar
array_prepend	macro
array_push_back	macro
array_push_front	macro
array_reduce	scalar
array_resize	scalar
array_reverse	macro
array_reverse_sort	scalar
array_select	scalar
array_slice	scalar
array_sort	scalar
array_to_json	scalar
array_to_string	macro
array_to_string_comma_default	macro
array_transform	scalar
array_unique	scalar
array_value	scalar
array_where	scalar
array_zip	scalar
arrow_scan	table
arrow_scan_dumb	table
ascii	scalar
asin	scalar
asinh	scalar
atan	scalar
atan2	scalar
atanh	scalar
avg	aggregate
bar	scalar
base64	scalar
bin	scalar
bit_and	aggregate
bit_count	scalar
bit_length	scalar
bit_or	aggregate
bit_position	scalar
bit_xor	aggregate
bitstring	scalar
bitstring_agg	aggregate
bool_and	aggregate
bool_or	aggregate
can_cast_implicitly	scalar
cardinality	scalar
cbrt	scalar
ceil	scalar
ceiling	scalar
century	scalar
checkpoint	table
chr	scalar
col_description	macro
collations	pragma
combine	scalar
concat	scalar
concat_ws	scalar
constant_or_null	scalar
contains	scalar
copy_database	pragma
corr	aggregate
cos	scalar
cosh	scalar
cot	scalar
count	aggregate
count_if	aggregate
count_star	aggregate
countif	aggregate
covar_pop	aggregate
covar_samp	aggregate
create_sort_key	scalar
current_catalog	macro
current_database	macro
current_date	scalar
current_localtime	scalar
current_localtimestamp	scalar
current_query	macro
current_role	macro
current_schema	macro
current_schemas	macro
current_setting	scalar
current_user	macro
currval	scalar
damerau_levenshtein	scalar
database_list	pragma
database_size	pragma
date_add	macro
date_diff	scalar
date_part	scalar
date_sub	scalar
date_trunc	scalar
datediff	scalar
datepart	scalar
datesub	scalar
datetrunc	scalar
day	scalar
dayname	scalar
dayofmonth	scalar
dayofweek	scalar
dayofyear	scalar
decade	scalar
decode	scalar
degrees	scalar
disable_checkpoint_on_shutdown	pragma
disable_object_cache	pragma
disable_optimizer	pragma
disable_print_progress_bar	pragma
disable_profile	pragma
disable_profiling	pragma
disable_progress_bar	pragma
disable_verification	pragma
disable_verify_external	pragma
disable_verify_fetch_row	pragma
disable_verify_parallelism	pragma
disable_verify_serializer	pragma
divide	scalar
duckdb_columns	table
duckdb_constraints	table
duckdb_databases	table
duckdb_dependencies	table
duckdb_extensions	table
duckdb_functions	table
duckdb_indexes	table
duckdb_keywords	table
duckdb_log_contexts	table
duckdb_logs	table
duckdb_memory	table
duckdb_optimizers	table
duckdb_schemas	table
duckdb_secret_types	table
duckdb_secrets	table
duckdb_sequences	table
duckdb_settings	table
duckdb_table_sample	table
duckdb_tables	table
duckdb_temporary_files	table
duckdb_types	table
duckdb_variables	table
duckdb_views	table
editdist3	scalar
element_at	scalar
enable_checkpoint_on_shutdown	pragma
enable_object_cache	pragma
enable_optimizer	pragma
enable_print_progress_bar	pragma
enable_profile	pragma
enable_profiling	pragma
enable_progress_bar	pragma
enable_verification	pragma
encode	scalar
ends_with	scalar
entropy	aggregate
enum_code	scalar
enum_first	scalar
enum_last	scalar
enum_range	scalar
enum_range_boundary	scalar
epoch	scalar
epoch_ms	scalar
epoch_ns	scalar
epoch_us	scalar
equi_width_bins	scalar
era	scalar
error	scalar
even	scalar
exp	scalar
extension_versions	pragma
factorial	scalar
favg	aggregate
fdiv	macro
filter	scalar
finalize	scalar
first	aggregate
flatten	scalar
floor	scalar
fmod	macro
force_checkpoint	pragma
format	scalar
formatReadableDecimalSize	scalar
formatReadableSize	scalar
format_bytes	scalar
format_pg_type	macro
format_type	macro
from_base64	scalar
from_binary	scalar
from_hex	scalar
from_json	scalar
from_json_strict	scalar
fsum	aggregate
functions	pragma
gamma	scalar
gcd	scalar
gen_random_uuid	scalar
generate_series	scalar
generate_subscripts	macro
geomean	macro
geometric_mean	macro
get_bit	scalar
get_block_size	macro
get_current_time	scalar
get_current_timestamp	scalar
getvariable	scalar
glob	table
grade_up	scalar
greatest	scalar
greatest_common_divisor	scalar
group_concat	aggregate
hamming	scalar
has_any_column_privilege	macro
has_column_privilege	macro
has_database_privilege	macro
has_foreign_data_wrapper_privilege	macro
has_function_privilege	macro
has_language_privilege	macro
has_schema_privilege	macro
has_sequence_privilege	macro
has_server_privilege	macro
has_table_privilege	macro
has_tablespace_privilege	macro
hash	scalar
hex	scalar
histogram	aggregate
histogram_exact	aggregate
histogram_values	table_macro
hour	scalar
icu_calendar_names	table
icu_collate_af	scalar
icu_collate_am	scalar
icu_collate_ar	scalar
icu_collate_ar_sa	scalar
icu_collate_as	scalar
icu_collate_az	scalar
icu_collate_be	scalar
icu_collate_bg	scalar
icu_collate_bn	scalar
icu_collate_bo	scalar
icu_collate_br	scalar
icu_collate_bs	scalar
icu_collate_ca	scalar
icu_collate_ceb	scalar
icu_collate_chr	scalar
icu_collate_cs	scalar
icu_collate_cy	scalar
icu_collate_da	scalar
icu_collate_de	scalar
icu_collate_de_at	scalar
icu_collate_dsb	scalar
icu_collate_dz	scalar
icu_collate_ee	scalar
icu_collate_el	scalar
icu_collate_en	scalar
icu_collate_en_us	scalar
icu_collate_eo	scalar
icu_collate_es	scalar
icu_collate_et	scalar
icu_collate_fa	scalar
icu_collate_fa_af	scalar
icu_collate_ff	scalar
icu_collate_fi	scalar
icu_collate_fil	scalar
icu_collate_fo	scalar
icu_collate_fr	scalar
icu_collate_fr_ca	scalar
icu_collate_fy	scalar
icu_collate_ga	scalar
icu_collate_gl	scalar
icu_collate_gu	scalar
icu_collate_ha	scalar
icu_collate_haw	scalar
icu_collate_he	scalar
icu_collate_he_il	scalar
icu_collate_hi	scalar
icu_collate_hr	scalar
icu_collate_hsb	scalar
icu_collate_hu	scalar
icu_collate_hy	scalar
icu_collate_id	scalar
icu_collate_id_id	scalar
icu_collate_ig	scalar
icu_collate_is	scalar
icu_collate_it	scalar
icu_collate_ja	scalar
icu_collate_ka	scalar
icu_collate_kk	scalar
icu_collate_kl	scalar
icu_collate_km	scalar
icu_collate_kn	scalar
icu_collate_ko	scalar
icu_collate_kok	scalar
icu_collate_ku	scalar
icu_collate_ky	scalar
icu_collate_lb	scalar
icu_collate_lkt	scalar
icu_collate_ln	scalar
icu_collate_lo	scalar
icu_collate_lt	scalar
icu_collate_lv	scalar
icu_collate_mk	scalar
icu_collate_ml	scalar
icu_collate_mn	scalar
icu_collate_mr	scalar
icu_collate_ms	scalar
icu_collate_mt	scalar
icu_collate_my	scalar
icu_collate_nb	scalar
icu_collate_nb_no	scalar
icu_collate_ne	scalar
icu_collate_nl	scalar
icu_collate_nn	scalar
icu_collate_noaccent	scalar
icu_collate_om	scalar
icu_collate_or	scalar
icu_collate_pa	scalar
icu_collate_pa_in	scalar
icu_collate_pl	scalar
icu_collate_ps	scalar
icu_collate_pt	scalar
icu_collate_ro	scalar
icu_collate_ru	scalar
icu_collate_sa	scalar
icu_collate_se	scalar
icu_collate_si	scalar
icu_collate_sk	scalar
icu_collate_sl	scalar
icu_collate_smn	scalar
icu_collate_sq	scalar
icu_collate_sr	scalar
icu_collate_sr_ba	scalar
icu_collate_sr_me	scalar
icu_collate_sr_rs	scalar
icu_collate_sv	scalar
icu_collate_sw	scalar
icu_collate_ta	scalar
icu_collate_te	scalar
icu_collate_th	scalar
icu_collate_tk	scalar
icu_collate_to	scalar
icu_collate_tr	scalar
icu_collate_ug	scalar
icu_collate_uk	scalar
icu_collate_ur	scalar
icu_collate_uz	scalar
icu_collate_vi	scalar
icu_collate_wae	scalar
icu_collate_wo	scalar
icu_collate_xh	scalar
icu_collate_yi	scalar
icu_collate_yo	scalar
icu_collate_yue	scalar
icu_collate_yue_cn	scalar
icu_collate_zh	scalar
icu_collate_zh_cn	scalar
icu_collate_zh_hk	scalar
icu_collate_zh_mo	scalar
icu_collate_zh_sg	scalar
icu_collate_zh_tw	scalar
icu_collate_zu	scalar
icu_sort_key	scalar
ilike_escape	scalar
import_database	pragma
in_search_path	scalar
inet_client_addr	macro
inet_client_port	macro
inet_server_addr	macro
inet_server_port	macro
instr	scalar
is_histogram_other_bin	scalar
isfinite	scalar
isinf	scalar
isnan	scalar
isodow	scalar
isoyear	scalar
jaccard	scalar
jaro_similarity	scalar
jaro_winkler_similarity	scalar
json	macro
json_array	scalar
json_array_length	scalar
json_contains	scalar
json_deserialize_sql	scalar
json_execute_serialized_sql	pragma
json_exists	scalar
json_extract	scalar
json_extract_path	scalar
json_extract_path_text	scalar
json_extract_string	scalar
json_group_array	macro
json_group_object	macro
json_group_structure	macro
json_keys	scalar
json_merge_patch	scalar
json_object	scalar
json_pretty	scalar
json_quote	scalar
json_serialize_plan	scalar
json_serialize_sql	scalar
json_structure	scalar
json_transform	scalar
json_transform_strict	scalar
json_type	scalar
json_valid	scalar
json_value	scalar
julian	scalar
kahan_sum	aggregate
kurtosis	aggregate
kurtosis_pop	aggregate
last	aggregate
last_day	scalar
lcase	scalar
lcm	scalar
least	scalar
least_common_multiple	scalar
left	scalar
left_grapheme	scalar
len	scalar
length	scalar
length_grapheme	scalar
levenshtein	scalar
lgamma	scalar
like_escape	scalar
list	aggregate
list_aggr	scalar
list_aggregate	scalar
list_any_value	macro
list_append	macro
list_apply	scalar
list_approx_count_distinct	macro
list_avg	macro
list_bit_and	macro
list_bit_or	macro
list_bit_xor	macro
list_bool_and	macro
list_bool_or	macro
list_cat	scalar
list_concat	scalar
list_contains	scalar
list_cosine_distance	scalar
list_cosine_similarity	scalar
list_count	macro
list_distance	scalar
list_distinct	scalar
list_dot_product	scalar
list_element	scalar
list_entropy	macro
list_extract	scalar
list_filter	scalar
list_first	macro
list_grade_up	scalar
list_has	scalar
list_has_all	scalar
list_has_any	scalar
list_histogram	macro
list_indexof	scalar
list_inner_product	scalar
list_intersect	macro
list_kurtosis	macro
list_kurtosis_pop	macro
list_last	macro
list_mad	macro
list_max	macro
list_median	macro
list_min	macro
list_mode	macro
list_negative_dot_product	scalar
list_negative_inner_product	scalar
list_pack	scalar
list_position	scalar
list_prepend	macro
list_product	macro
list_reduce	scalar
list_resize	scalar
list_reverse	macro
list_reverse_sort	scalar
list_select	scalar
list_sem	macro
list_skewness	macro
list_slice	scalar
list_sort	scalar
list_stddev_pop	macro
list_stddev_samp	macro
list_string_agg	macro
list_sum	macro
list_transform	scalar
list_unique	scalar
list_value	scalar
list_var_pop	macro
list_var_samp	macro
list_where	scalar
list_zip	scalar
listagg	aggregate
ln	scalar
log	scalar
log10	scalar
log2	scalar
lower	scalar
lpad	scalar
ltrim	scalar
mad	aggregate
make_date	scalar
make_time	scalar
make_timestamp	scalar
make_timestamp_ns	scalar
make_timestamptz	scalar
map	scalar
map_concat	scalar
map_contains	scalar
map_contains_entry	macro
map_contains_value	macro
map_entries	scalar
map_extract	scalar
map_extract_value	scalar
map_from_entries	scalar
map_keys	scalar
map_to_pg_oid	macro
map_values	scalar
max	aggregate
max_by	aggregate
md5	scalar
md5_number	scalar
md5_number_lower	macro
md5_number_upper	macro
mean	aggregate
median	aggregate
metadata_info	pragma
microsecond	scalar
millennium	scalar
millisecond	scalar
min	aggregate
min_by	aggregate
minute	scalar
mismatches	scalar
mod	scalar
mode	aggregate
month	scalar
monthname	scalar
multiply	scalar
nanosecond	scalar
nextafter	scalar
nextval	scalar
nfc_normalize	scalar
normalized_interval	scalar
not_ilike_escape	scalar
not_like_escape	scalar
now	scalar
nullif	macro
obj_description	macro
octet_length	scalar
ord	scalar
parquet_bloom_probe	table
parquet_file_metadata	table
parquet_kv_metadata	table
parquet_metadata	table
parquet_scan	table
parquet_schema	table
parse_dirname	scalar
parse_dirpath	scalar
parse_filename	scalar
parse_path	scalar
pg_collation_is_visible	macro
pg_conf_load_time	macro
pg_conversion_is_visible	macro
pg_function_is_visible	macro
pg_get_constraintdef	macro
pg_get_expr	macro
pg_get_viewdef	macro
pg_has_role	macro
pg_is_other_temp_schema	macro
pg_my_temp_schema	macro
pg_opclass_is_visible	macro
pg_operator_is_visible	macro
pg_opfamily_is_visible	macro
pg_postmaster_start_time	macro
pg_size_pretty	macro
pg_table_is_visible	macro
pg_timezone_names	table
pg_ts_config_is_visible	macro
pg_ts_dict_is_visible	macro
pg_ts_parser_is_visible	macro
pg_ts_template_is_visible	macro
pg_type_is_visible	macro
pg_typeof	macro
pi	scalar
platform	pragma
position	scalar
pow	scalar
power	scalar
pragma_collations	table
pragma_database_size	table
pragma_metadata_info	table
pragma_platform	table
pragma_show	table
pragma_storage_info	table
pragma_table_info	table
pragma_user_agent	table
pragma_version	table
prefix	scalar
printf	scalar
product	aggregate
quantile	aggregate
quantile_cont	aggregate
quantile_disc	aggregate
quarter	scalar
query	table
query_table	table
radians	scalar
random	scalar
range	scalar
read_blob	table
read_csv	table
read_csv_auto	table
read_json	table
read_json_auto	table
read_json_objects	table
read_json_objects_auto	table
read_ndjson	table
read_ndjson_auto	table
read_ndjson_objects	table
read_parquet	table
read_text	table
reduce	scalar
regexp_escape	scalar
regexp_extract	scalar
regexp_extract_all	scalar
regexp_full_match	scalar
regexp_matches	scalar
regexp_replace	scalar
regexp_split_to_array	scalar
regexp_split_to_table	macro
regr_avgx	aggregate
regr_avgy	aggregate
regr_count	aggregate
regr_intercept	aggregate
regr_r2	aggregate
regr_slope	aggregate
regr_sxx	aggregate
regr_sxy	aggregate
regr_syy	aggregate
repeat	scalar
repeat_row	table
replace	scalar
reservoir_quantile	aggregate
reverse	scalar
right	scalar
right_grapheme	scalar
round	scalar
round_even	macro
roundbankers	macro
row	scalar
row_to_json	scalar
rpad	scalar
rtrim	scalar
second	scalar
sem	aggregate
seq_scan	table
session_user	macro
set_bit	scalar
setseed	scalar
sha1	scalar
sha256	scalar
shobj_description	macro
show	pragma
show_databases	pragma
show_tables	pragma
show_tables_expanded	pragma
sign	scalar
signbit	scalar
sin	scalar
sinh	scalar
skewness	aggregate
sniff_csv	table
split	scalar
split_part	macro
sqrt	scalar
starts_with	scalar
stats	scalar
stddev	aggregate
stddev_pop	aggregate
stddev_samp	aggregate
storage_info	pragma
str_split	scalar
str_split_regex	scalar
strftime	scalar
string_agg	aggregate
string_split	scalar
string_split_regex	scalar
string_to_array	scalar
strip_accents	scalar
strlen	scalar
strpos	scalar
strptime	scalar
struct_concat	scalar
struct_extract	scalar
struct_extract_at	scalar
struct_insert	scalar
struct_pack	scalar
substr	scalar
substring	scalar
substring_grapheme	scalar
subtract	scalar
suffix	scalar
sum	aggregate
sum_no_overflow	aggregate
sumkahan	aggregate
summary	table
table_info	pragma
tan	scalar
tanh	scalar
test_all_types	table
test_vector_types	table
time_bucket	scalar
timetz_byte_comparable	scalar
timezone	scalar
timezone_hour	scalar
timezone_minute	scalar
to_base	scalar
to_base64	scalar
to_binary	scalar
to_centuries	scalar
to_days	scalar
to_decades	scalar
to_hex	scalar
to_hours	scalar
to_json	scalar
to_microseconds	scalar
to_millennia	scalar
to_milliseconds	scalar
to_minutes	scalar
to_months	scalar
to_quarters	scalar
to_seconds	scalar
to_timestamp	scalar
to_weeks	scalar
to_years	scalar
today	scalar
transaction_timestamp	scalar
translate	scalar
trim	scalar
trunc	scalar
try_strptime	scalar
txid_current	scalar
typeof	scalar
ucase	scalar
unbin	scalar
unhex	scalar
unicode	scalar
union_extract	scalar
union_tag	scalar
union_value	scalar
unnest	table
unpivot_list	scalar
upper	scalar
url_decode	scalar
url_encode	scalar
user	macro
user_agent	pragma
uuid	scalar
var_pop	aggregate
var_samp	aggregate
variance	aggregate
vector_type	scalar
verify_external	pragma
verify_fetch_row	pragma
verify_parallelism	pragma
verify_serializer	pragma
version	pragma
wavg	macro
week	scalar
weekday	scalar
weekofyear	scalar
weighted_avg	macro
which_secret	table
write_log	scalar
xor	scalar
year	scalar
yearweek	scalar
|	scalar
||	scalar
~	scalar
~~	scalar
~~*	scalar
~~~	scalar
